{
  "input": {
    "required": [],
    "opts": []
  },
  "output": {
    "required": [
      {
        "par": "BackendServer",
        "Command": [
          {
            "Cmd": "GetData",
            "required": {
              "Key": "string"
            }
          },
          {
            "Cmd": "SetData",
            "required": {
              "Key": "string",
              "Data": "object"
            }
          }
        ]
      },
      {
        "par": "Environment",
        "Command": [
          {
            "Cmd": "Initialize",
            "required": {
              "ID": "string"
            }
          },
          {
            "Cmd": "Play",
            "required": {
              "ID": "string",
              "Index": "number"
            }
          },
          {
            "Cmd": "GetTrueState",
            "required": {
            }
          }
        ]
      },
      {
        "par": "Chart",
        "Command": [
          {
            "Cmd": "AddData",
            "required": {
              "Channel": "string",
              "Data": "object"
            }
          }
        ]
      }
    ],
    "opts": []
  },
  "par": {
    "required": {
      "BackendServer": "xGraphPid",
      "Environment": "xGraphPid",
      "Chart": "xGraphPid"
    },
    "opts": {
      "Stepms": "number",
      "Epsilon": "number",
      "InitialEstimates": "number"
    }
  },
  "name": "ChooseEpsilonGreedy",
  "icon": null,
  "doc": null,
  "info": {
    "author": "TrevorGionet"
  },
  "src": "xGraphDev/Modules/ChooseEpsilonGreedy"
}